{"QdgmeTvBRbf9Ix72hvrd9g==":"milad-fakurian-gjkx5lhwu3m-unsplash.jpg","97T+/Kic6rWP4/OsQjM2Yw==":"richard-horvath-razu-r66vuc-unsplash.jpg","vwWbXvwQQbPfYD/HPb+9Bg==":"maxim-berg-rp1ny6itgam-unsplash.jpg","kNDMFF7tpEHu1jfHSslu8A==":"richard-horvath-nwaetf6qo0-unsplash.jpg","KlBWn71/s6+c4ro3lp9CoQ==":"milad-fakurian-u8jn2rzyips-unsplash.jpg","upzk2Gxkx3aFLTGduVmgPA==":"youtube.jpeg","zfkjxcaWR4dQ95EZ4Ojtew==":"youtube-1.jpeg","Zo458oWyAkk1v/2UYWYV/g==":"pawel-czerwinski-falyvtv1krg-unsplash.jpg","dA12GjLz9Vp2ZF7iT9spPQ==":"debora-pilati-dog0z4-gqp0-unsplash.jpg","6e09kxv+XlmAlnvISF0ZPQ==":"sound-pink.png","zETNVwUXCgq4pND4+0UTRg==":"screen-shot-2023-04-04-at-23.16.39.png","wmZwjxSM8mEg/rHXczvUvA==":"screen-shot-2023-04-04-at-23.17.20.png","ltXObiN7sSOeNB483ZASQQ==":"screen-shot-2023-04-04-at-23.18.00.png","uDOYQg/qGblTCpQyQpbZbg==":"screen-shot-2023-04-04-at-23.26.45.png","dztPi4lSo3keeLRgmsom3w==":"screen-shot-2023-04-04-at-23.28.59.png","vYqtlasC/IncdH8ezGYbtQ==":"screen-shot-2023-04-04-at-23.31.56.png","BxawGw8DkW6p1g/ZooVXyw==":"screen-shot-2023-04-04-at-23.35.09.png","UQISq8NXSvKE0uy1OogUaQ==":"screen-shot-2023-04-04-at-23.49.59.png","Z3vtFGaEigk7j/WV2qHDng==":"screen-shot-2023-04-05-at-15.01.39.png","qrID75DhnXwbF52RKQuB2Q==":"screen-shot-2023-04-05-at-15.02.16.png","/0j/28rg7H0/S7Wkc5iC8g==":"screen-shot-2023-04-05-at-15.02.39.png","MDO4knwjN0L5J+NDEQQG1A==":"screen-shot-2023-04-05-at-15.02.56.png"}